{
  "Name": "Soul Mod",
  "Author": "pjstarr12",
  "Description": "like the souls from undertale and deltarune",
  "ModVersion": "4.95",
  "GameVersion": "1.0+ i think",
  "ThumbnailPath": "Thumbnail_thingy.png",
  "EntryPoint": "Mod.Mod",
  "Tags": [],
  "Scripts": [
    "main.cs",
    "HeartBehaviour.cs",
    "HeartBehaviourBACKUP.cs",
    "MonsterSoulBehaviour.cs",
    "CustomHeartBehaviour.cs",
    "BoneAttack1Behaviour.cs",
    "BIRBehaviour.cs",
    "GasterBlasterBehaviour.cs",
    "NonFading.cs",
    "AutoActivator.cs",
    "AlwaysRefusing.cs",
    "SansAttack.cs",
    "SoulAbsorb.cs"
  ],
  "Active": true,
  "UGCIdentity": null,
  "CreatorUGCIdentity": "2661139744"
}